{
  "warp_size": [
    200,
    300
  ],
  "corner_zoom_size": [
    128,
    336
  ],
  "rank_roi": {
    "pixels": [
      3,
      30,
      120,
      167
    ],
    "normalized": [
      0.0234375,
      0.08928571428571429,
      0.9609375,
      0.5863095238095238
    ]
  },
  "suit_roi": {
    "pixels": [
      12,
      198,
      107,
      117
    ],
    "normalized": [
      0.09375,
      0.5892857142857143,
      0.9296875,
      0.9375
    ]
  }
}