{
    "gauss15": {
        "smoothing": {
            "mse": 80.66363525390625,
            "psnr": 29.064025704820015,
            "ssim": 0.9821658730506897,
            "runtime_ms": 1387.182
        },
        "median": {
            "mse": 62.4227409362793,
            "psnr": 30.177375265711703,
            "ssim": 0.9865292310714722,
            "runtime_ms": 35.623
        },
        "adaptive": {
            "mse": 65.49651336669922,
            "psnr": 29.96862179439582,
            "ssim": 0.9859119653701782,
            "runtime_ms": 7945.477
        }
    },
    "gauss25": {
        "smoothing": {
            "mse": 96.7789077758789,
            "psnr": 28.27299644413609,
            "ssim": 0.9786296486854553,
            "runtime_ms": 1372.341
        },
        "median": {
            "mse": 131.9534149169922,
            "psnr": 26.926597267482585,
            "ssim": 0.9718695282936096,
            "runtime_ms": 31.9
        },
        "adaptive": {
            "mse": 174.04360961914062,
            "psnr": 25.72422278999367,
            "ssim": 0.9629789590835571,
            "runtime_ms": 7956.862
        }
    },
    "gauss50": {
        "smoothing": {
            "mse": 173.39353942871094,
            "psnr": 25.740474490583498,
            "ssim": 0.960396409034729,
            "runtime_ms": 1395.236
        },
        "median": {
            "mse": 445.38189697265625,
            "psnr": 21.643478001785567,
            "ssim": 0.9105009436607361,
            "runtime_ms": 33.476
        },
        "adaptive": {
            "mse": 641.930419921875,
            "psnr": 20.055924042657672,
            "ssim": 0.8694546222686768,
            "runtime_ms": 8089.408
        }
    },
    "sp2": {
        "smoothing": {
            "mse": 88.4426040649414,
            "psnr": 28.664188395982183,
            "ssim": 0.9799298048019409,
            "runtime_ms": 1412.526
        },
        "median": {
            "mse": 19.135963439941406,
            "psnr": 35.31230028296575,
            "ssim": 0.9958528280258179,
            "runtime_ms": 31.846
        },
        "adaptive": {
            "mse": 163.708251953125,
            "psnr": 25.99009789657662,
            "ssim": 0.9643194079399109,
            "runtime_ms": 8204.971
        }
    },
    "sp5": {
        "smoothing": {
            "mse": 118.57424926757812,
            "psnr": 27.390899771959543,
            "ssim": 0.9724194407463074,
            "runtime_ms": 1539.787
        },
        "median": {
            "mse": 21.65906524658203,
            "psnr": 34.7744065128458,
            "ssim": 0.9953046441078186,
            "runtime_ms": 30.166
        },
        "adaptive": {
            "mse": 342.5686950683594,
            "psnr": 22.78332687528115,
            "ssim": 0.9257186651229858,
            "runtime_ms": 8577.501
        }
    }
}