{
    "gauss15": {
        "dncnn": {
            "mse": 23.797286987304688,
            "psnr": 34.36552912786332,
            "ssim": 0.9950218796730042,
            "runtime_ms": 1161.349
        }
    },
    "gauss25": {
        "dncnn": {
            "mse": 38.268898010253906,
            "psnr": 32.30234404390902,
            "ssim": 0.9918661117553711,
            "runtime_ms": 1330.532
        }
    },
    "gauss50": {
        "dncnn": {
            "mse": 85.8248291015625,
            "psnr": 28.794674135568663,
            "ssim": 0.9805286526679993,
            "runtime_ms": 1112.721
        }
    },
    "sp2": {
        "dncnn": {
            "mse": 271.04888916015625,
            "psnr": 23.800327291170156,
            "ssim": 0.9435952305793762,
            "runtime_ms": 1055.351
        }
    },
    "sp5": {
        "dncnn": {
            "mse": 533.1658935546875,
            "psnr": 20.86218000911448,
            "ssim": 0.8918535709381104,
            "runtime_ms": 1065.248
        }
    }
}