{
    "gauss15": {
        "restormer_sigma50": {
            "mse": 28.699337005615234,
            "psnr": 33.55208496821328,
            "ssim": 0.9939671158790588,
            "runtime_ms": 30372.261
        }
    },
    "gauss25": {
        "restormer_sigma50": {
            "mse": 35.630615234375,
            "psnr": 32.612570394827294,
            "ssim": 0.9924871921539307,
            "runtime_ms": 23221.522
        }
    },
    "gauss50": {
        "restormer_sigma50": {
            "mse": 94.34284973144531,
            "psnr": 28.383713704088365,
            "ssim": 0.9791768193244934,
            "runtime_ms": 23845.374
        }
    },
    "sp2": {
        "restormer_sigma50": {
            "mse": 175.91159057617188,
            "psnr": 25.67785905393182,
            "ssim": 0.9625681638717651,
            "runtime_ms": 23822.379
        }
    },
    "sp5": {
        "restormer_sigma50": {
            "mse": 437.02691650390625,
            "psnr": 21.72572174860585,
            "ssim": 0.9097029566764832,
            "runtime_ms": 21836.178
        }
    }
}