{
    "gauss15": {
        "smoothing": {
            "mse": 325.6172180175781,
            "psnr": 23.003729993795027,
            "ssim": 0.9502248167991638,
            "runtime_ms": 1410.787
        },
        "median": {
            "mse": 215.7923583984375,
            "psnr": 24.790442994095798,
            "ssim": 0.9681280255317688,
            "runtime_ms": 32.32
        },
        "adaptive": {
            "mse": 98.144287109375,
            "psnr": 28.212153360870907,
            "ssim": 0.9855821132659912,
            "runtime_ms": 8051.117
        }
    },
    "gauss25": {
        "smoothing": {
            "mse": 342.5789794921875,
            "psnr": 22.783196495548886,
            "ssim": 0.947468638420105,
            "runtime_ms": 1431.134
        },
        "median": {
            "mse": 288.02655029296875,
            "psnr": 23.536478379897027,
            "ssim": 0.9578323364257812,
            "runtime_ms": 39.086
        },
        "adaptive": {
            "mse": 202.91995239257812,
            "psnr": 25.05755609113156,
            "ssim": 0.9702279567718506,
            "runtime_ms": 8500.108
        }
    },
    "gauss50": {
        "smoothing": {
            "mse": 425.1631774902344,
            "psnr": 21.845247167412282,
            "ssim": 0.9324673414230347,
            "runtime_ms": 1368.267
        },
        "median": {
            "mse": 605.3650512695312,
            "psnr": 20.310630160658405,
            "ssim": 0.9148287177085876,
            "runtime_ms": 31.463
        },
        "adaptive": {
            "mse": 671.9561767578125,
            "psnr": 19.85739410452274,
            "ssim": 0.9022670388221741,
            "runtime_ms": 8216.956
        }
    },
    "sp2": {
        "smoothing": {
            "mse": 335.77911376953125,
            "psnr": 22.870266823379055,
            "ssim": 0.9479215741157532,
            "runtime_ms": 1398.309
        },
        "median": {
            "mse": 172.9048309326172,
            "psnr": 25.752732333078786,
            "ssim": 0.9744876623153687,
            "runtime_ms": 40.383
        },
        "adaptive": {
            "mse": 208.7593536376953,
            "psnr": 24.93434417348297,
            "ssim": 0.9690455198287964,
            "runtime_ms": 8132.743
        }
    },
    "sp5": {
        "smoothing": {
            "mse": 370.7802429199219,
            "psnr": 22.439637762246207,
            "ssim": 0.9411566257476807,
            "runtime_ms": 1375.554
        },
        "median": {
            "mse": 179.77859497070312,
            "psnr": 25.58342378918408,
            "ssim": 0.9734879732131958,
            "runtime_ms": 15.979
        },
        "adaptive": {
            "mse": 411.732177734375,
            "psnr": 21.984655515182446,
            "ssim": 0.9386566281318665,
            "runtime_ms": 8147.292
        }
    }
}