{
    "gauss15": {
        "restormer_sigma50": {
            "mse": 94.76788330078125,
            "psnr": 28.3641918037032,
            "ssim": 0.9861984252929688,
            "runtime_ms": 20831.02
        }
    },
    "gauss25": {
        "restormer_sigma50": {
            "mse": 114.1451416015625,
            "psnr": 27.5562292967184,
            "ssim": 0.983305811882019,
            "runtime_ms": 20422.857
        }
    },
    "gauss50": {
        "restormer_sigma50": {
            "mse": 272.1319580078125,
            "psnr": 23.783008144153936,
            "ssim": 0.9592561721801758,
            "runtime_ms": 21755.343
        }
    },
    "sp2": {
        "restormer_sigma50": {
            "mse": 345.12969970703125,
            "psnr": 22.750980272968427,
            "ssim": 0.9506633877754211,
            "runtime_ms": 25437.894
        }
    },
    "sp5": {
        "restormer_sigma50": {
            "mse": 754.08203125,
            "psnr": 19.35661768603689,
            "ssim": 0.8957188129425049,
            "runtime_ms": 22789.629
        }
    }
}