{
    "gauss15": {
        "dncnn": {
            "mse": 63.624412536621094,
            "psnr": 30.09456575476441,
            "ssim": 0.9908475279808044,
            "runtime_ms": 1067.307
        }
    },
    "gauss25": {
        "dncnn": {
            "mse": 112.50440979003906,
            "psnr": 27.619108152210075,
            "ssim": 0.9835548996925354,
            "runtime_ms": 1085.234
        }
    },
    "gauss50": {
        "dncnn": {
            "mse": 238.04150390625,
            "psnr": 24.364276754668754,
            "ssim": 0.9631625413894653,
            "runtime_ms": 1138.573
        }
    },
    "sp2": {
        "dncnn": {
            "mse": 297.37158203125,
            "psnr": 23.397808975451543,
            "ssim": 0.9579103589057922,
            "runtime_ms": 1069.687
        }
    },
    "sp5": {
        "dncnn": {
            "mse": 603.4006958007812,
            "psnr": 20.324745542296938,
            "ssim": 0.915168285369873,
            "runtime_ms": 1059.384
        }
    }
}