{
    "gauss15": {
        "smoothing": {
            "mse": 108.27293395996094,
            "psnr": 27.78560455497654,
            "ssim": 0.9747809171676636,
            "runtime_ms": 1392.952
        },
        "median": {
            "mse": 76.83457946777344,
            "psnr": 29.27523642240356,
            "ssim": 0.9827321767807007,
            "runtime_ms": 31.744
        },
        "adaptive": {
            "mse": 56.046897888183594,
            "psnr": 30.645287808205403,
            "ssim": 0.9874169230461121,
            "runtime_ms": 8794.538
        }
    },
    "gauss25": {
        "smoothing": {
            "mse": 125.38992309570312,
            "psnr": 27.148177248499078,
            "ssim": 0.9702255129814148,
            "runtime_ms": 1502.5
        },
        "median": {
            "mse": 147.30819702148438,
            "psnr": 26.448534468687942,
            "ssim": 0.9671513438224792,
            "runtime_ms": 33.688
        },
        "adaptive": {
            "mse": 161.51614379882812,
            "psnr": 26.04864423598016,
            "ssim": 0.9634289741516113,
            "runtime_ms": 8324.902
        }
    },
    "gauss50": {
        "smoothing": {
            "mse": 215.06228637695312,
            "psnr": 24.805161022907882,
            "ssim": 0.946846604347229,
            "runtime_ms": 1391.249
        },
        "median": {
            "mse": 439.68939208984375,
            "psnr": 21.699343728748097,
            "ssim": 0.9064964056015015,
            "runtime_ms": 32.238
        },
        "adaptive": {
            "mse": 632.30517578125,
            "psnr": 20.121536240902188,
            "ssim": 0.8612012267112732,
            "runtime_ms": 8210.289
        }
    },
    "sp2": {
        "smoothing": {
            "mse": 116.49411010742188,
            "psnr": 27.46776392694791,
            "ssim": 0.9724721312522888,
            "runtime_ms": 1407.213
        },
        "median": {
            "mse": 35.324832916259766,
            "psnr": 32.650002445219215,
            "ssim": 0.9919999837875366,
            "runtime_ms": 19.317
        },
        "adaptive": {
            "mse": 179.4075927734375,
            "psnr": 25.592395418374963,
            "ssim": 0.9597965478897095,
            "runtime_ms": 8168.837
        }
    },
    "sp5": {
        "smoothing": {
            "mse": 148.3583984375,
            "psnr": 26.4176822449329,
            "ssim": 0.9645553231239319,
            "runtime_ms": 1348.233
        },
        "median": {
            "mse": 37.88695526123047,
            "psnr": 32.34590655734856,
            "ssim": 0.9914199709892273,
            "runtime_ms": 15.887
        },
        "adaptive": {
            "mse": 368.160888671875,
            "psnr": 22.470427112360145,
            "ssim": 0.9185342192649841,
            "runtime_ms": 7811.491
        }
    }
}