{
    "gauss15": {
        "restormer_sigma50": {
            "mse": 33.84696578979492,
            "psnr": 32.83560618417254,
            "ssim": 0.9924364686012268,
            "runtime_ms": 27500.831
        }
    },
    "gauss25": {
        "restormer_sigma50": {
            "mse": 39.26715087890625,
            "psnr": 32.190509697186506,
            "ssim": 0.9909580945968628,
            "runtime_ms": 22531.998
        }
    },
    "gauss50": {
        "restormer_sigma50": {
            "mse": 200.546142578125,
            "psnr": 25.108660479441415,
            "ssim": 0.9524608254432678,
            "runtime_ms": 21801.033
        }
    },
    "sp2": {
        "restormer_sigma50": {
            "mse": 291.679931640625,
            "psnr": 23.481738113401374,
            "ssim": 0.9368889927864075,
            "runtime_ms": 24026.726
        }
    },
    "sp5": {
        "restormer_sigma50": {
            "mse": 698.8572387695312,
            "psnr": 19.68691892914582,
            "ssim": 0.8580197691917419,
            "runtime_ms": 24267.004
        }
    }
}