{
    "gauss15": {
        "dncnn": {
            "mse": 24.33379364013672,
            "psnr": 34.268705401186004,
            "ssim": 0.994609534740448,
            "runtime_ms": 1055.464
        }
    },
    "gauss25": {
        "dncnn": {
            "mse": 40.320396423339844,
            "psnr": 32.07555567499325,
            "ssim": 0.9907132983207703,
            "runtime_ms": 1100.826
        }
    },
    "gauss50": {
        "dncnn": {
            "mse": 109.19123077392578,
            "psnr": 27.748925996001006,
            "ssim": 0.9736554622650146,
            "runtime_ms": 1137.402
        }
    },
    "sp2": {
        "dncnn": {
            "mse": 326.95416259765625,
            "psnr": 22.98593489939323,
            "ssim": 0.9303537607192993,
            "runtime_ms": 1061.152
        }
    },
    "sp5": {
        "dncnn": {
            "mse": 687.9314575195312,
            "psnr": 19.75535191678841,
            "ssim": 0.8601802587509155,
            "runtime_ms": 1067.474
        }
    }
}