{
    "gauss15": {
        "smoothing": {
            "mse": 171.9384765625,
            "psnr": 25.777072864558495,
            "ssim": 0.9641152024269104,
            "runtime_ms": 1370.631
        },
        "median": {
            "mse": 97.62884521484375,
            "psnr": 28.235022085003365,
            "ssim": 0.9805615544319153,
            "runtime_ms": 31.421
        },
        "adaptive": {
            "mse": 76.98564910888672,
            "psnr": 29.26670584964078,
            "ssim": 0.9844218492507935,
            "runtime_ms": 7847.638
        }
    },
    "gauss25": {
        "smoothing": {
            "mse": 193.3309326171875,
            "psnr": 25.26779014908678,
            "ssim": 0.9589291214942932,
            "runtime_ms": 1353.002
        },
        "median": {
            "mse": 167.70925903320312,
            "psnr": 25.885233207065212,
            "ssim": 0.9667139053344727,
            "runtime_ms": 31.507
        },
        "adaptive": {
            "mse": 189.70750427246094,
            "psnr": 25.349958502235275,
            "ssim": 0.9613561630249023,
            "runtime_ms": 7826.92
        }
    },
    "gauss50": {
        "smoothing": {
            "mse": 289.9339294433594,
            "psnr": 23.507813193390945,
            "ssim": 0.9356639981269836,
            "runtime_ms": 1362.846
        },
        "median": {
            "mse": 466.8157653808594,
            "psnr": 21.439348461803213,
            "ssim": 0.9109606742858887,
            "runtime_ms": 35.016
        },
        "adaptive": {
            "mse": 683.65283203125,
            "psnr": 19.782447436637895,
            "ssim": 0.8640622496604919,
            "runtime_ms": 7814.537
        }
    },
    "sp2": {
        "smoothing": {
            "mse": 178.5682373046875,
            "psnr": 25.612761492608644,
            "ssim": 0.9625975489616394,
            "runtime_ms": 1364.555
        },
        "median": {
            "mse": 53.664710998535156,
            "psnr": 30.833915659784623,
            "ssim": 0.9893340468406677,
            "runtime_ms": 16.425
        },
        "adaptive": {
            "mse": 190.13723754882812,
            "psnr": 25.340131809921655,
            "ssim": 0.9619730114936829,
            "runtime_ms": 7796.953
        }
    },
    "sp5": {
        "smoothing": {
            "mse": 209.776611328125,
            "psnr": 24.913232952056216,
            "ssim": 0.9553447961807251,
            "runtime_ms": 1373.677
        },
        "median": {
            "mse": 57.798614501953125,
            "psnr": 30.511629328516765,
            "ssim": 0.9885151386260986,
            "runtime_ms": 33.033
        },
        "adaptive": {
            "mse": 385.5621032714844,
            "psnr": 22.26986020151877,
            "ssim": 0.9236049056053162,
            "runtime_ms": 7847.016
        }
    }
}