{
    "gauss15": {
        "dncnn": {
            "mse": 25.654766082763672,
            "psnr": 34.03912301706095,
            "ssim": 0.9949337244033813,
            "runtime_ms": 1065.84
        }
    },
    "gauss25": {
        "dncnn": {
            "mse": 49.34140396118164,
            "psnr": 31.198688581155057,
            "ssim": 0.9899494647979736,
            "runtime_ms": 1156.833
        }
    },
    "gauss50": {
        "dncnn": {
            "mse": 158.3203125,
            "psnr": 26.13543722438067,
            "ssim": 0.9659531116485596,
            "runtime_ms": 1143.526
        }
    },
    "sp2": {
        "dncnn": {
            "mse": 311.3841552734375,
            "psnr": 23.19783851069934,
            "ssim": 0.9412621855735779,
            "runtime_ms": 1062.217
        }
    },
    "sp5": {
        "dncnn": {
            "mse": 648.8107299804688,
            "psnr": 20.00962337277673,
            "ssim": 0.8817975521087646,
            "runtime_ms": 1068.255
        }
    }
}