{
    "gauss15": {
        "restormer_sigma50": {
            "mse": 33.39671325683594,
            "psnr": 32.89376633117929,
            "ssim": 0.9934017658233643,
            "runtime_ms": 22316.574
        }
    },
    "gauss25": {
        "restormer_sigma50": {
            "mse": 40.02999496459961,
            "psnr": 32.106948253930014,
            "ssim": 0.9918296933174133,
            "runtime_ms": 19915.822
        }
    },
    "gauss50": {
        "restormer_sigma50": {
            "mse": 205.94537353515625,
            "psnr": 24.99328320684824,
            "ssim": 0.9563212394714355,
            "runtime_ms": 19702.178
        }
    },
    "sp2": {
        "restormer_sigma50": {
            "mse": 222.00367736816406,
            "psnr": 24.6672019250973,
            "ssim": 0.9571020007133484,
            "runtime_ms": 18967.815
        }
    },
    "sp5": {
        "restormer_sigma50": {
            "mse": 552.697021484375,
            "psnr": 20.705932367174462,
            "ssim": 0.897011935710907,
            "runtime_ms": 22474.079
        }
    }
}